Workbook

Sheet README
A1: MAGE Figure 2 Source Data
A3: Submission-ready source tables for the five-panel benchmark figure supplied by the author. Values were recovered from project result tables, not digitized from the screenshot.
A5: Sheet | B5: Figure panel | C5: Contents | D5: Record count
A6: Fig2a Align Summary | B6: a | C6: Mean ± sample SD for six image–text alignment methods | D6: 6
A7: Fig2a Align Raw | B7: a | C7: Per-output pair-level alignment results | D7: 120
A8: Fig2b Heatmap | B8: b | C8: Normalized model-level Image, Text, KG and Overall scores | D8: 9
A9: Fig2c-e Model Summary | B9: b–e | C9: Model-level plotted values and distribution means | D9: 9
A10: Fig2c-e Model Raw | B10: c,e; supports b,d | C10: Per-output quality, time, cost and token values | D10: 180
A11: Data Dictionary | B11: all | C11: Variable definitions, units and derivations | D11: 46
A12: Provenance | B12: all | C12: Relative source paths, row counts and SHA-256 hashes | D12: 9
A14: Calculation and interpretation notes
A15: 1. Panel a: points are arithmetic means across 20 benchmark outputs; error bars are ±1 sample standard deviation. Precision, recall and F1 are stored on a 0–100 scale.
A16: 2. CKL-Align corresponds to the source method key main_full_output. The workbook keeps the source key and the figure-facing label side by side.
A17: 3. Panel b: heatmap cells are normalized to 0–1. Overall = (Image-F1 + Text-F1 + KG) / 3 using model-level aggregate metrics.
A18: 4. Panel c: time_sec is end-to-end parallel runtime in seconds per article. The plotted y-axis is logarithmic; the source data remain in linear seconds.
A19: 5. Panel d: each bar is the arithmetic mean of per-output cost_usd for that model. Costs are estimates under the benchmark pricing assumptions.
A20: 6. Panel e: each per-output Overall score = (image_f1 + text_f1 + kg_score) / 3. Its model-level distribution mean can differ slightly from panel-b Overall because the text summary uses its report-level aggregation rather than the mean of per-output Text-F1 values.
A21: 7. Formula-derived columns are preserved in the workbook so recalculation and audit are possible. Source columns remain unmodified.
A22: 8. Panel-a alignment set (n=20) uses output IDs 1, 2, 3, 4, 5, 6, 9, 11, 20, 22, 26, 44, 53, 145, 147, 454, 482, 1053, 1083 and 1491. Panels b–e use a distinct shared-model set: IDs 1, 2, 3, 4, 5, 6, 8, 9, 10, 12, 20, 22, 24, 26, 29, 44, 52, 53, 145 and 147 (9 models × 20 outputs = 180 observations).

Sheet Fig2a Align Summary
A1: figure_order | B1: method_key | C1: figure_method | D1: n_outputs | E1: mean_precision_pct | F1: sd_precision_pct | G1: mean_recall_pct | H1: sd_recall_pct | I1: mean_f1_pct | J1: sd_f1_pct | K1: min_f1_pct | L1: max_f1_pct
A2: 1 | B2: main_full_output | C2: CKL-Align | D2: =COUNT('Fig2a Align Raw'!$G$2:$G$21) -> 20 | E2: =AVERAGE('Fig2a Align Raw'!$G$2:$G$21) -> 98.3425 | F2: =_xlfn.STDEV.S('Fig2a Align Raw'!$G$2:$G$21) -> 4.4095529 | G2: =AVERAGE('Fig2a Align Raw'!$H$2:$H$21) -> 83.7675 | H2: =_xlfn.STDEV.S('Fig2a Align Raw'!$H$2:$H$21) -> 10.876441 | I2: =AVERAGE('Fig2a Align Raw'!$I$2:$I$21) -> 90.061 | J2: =_xlfn.STDEV.S('Fig2a Align Raw'!$I$2:$I$21) -> 7.0111077 | K2: =MIN('Fig2a Align Raw'!$I$2:$I$21) -> 80 | L2: =MAX('Fig2a Align Raw'!$I$2:$I$21) -> 98.8
A3: 2 | B3: llm_direct_alignment | C3: LLM direct | D3: =COUNT('Fig2a Align Raw'!$G$22:$G$41) -> 20 | E3: =AVERAGE('Fig2a Align Raw'!$G$22:$G$41) -> 96.42 | F3: =_xlfn.STDEV.S('Fig2a Align Raw'!$G$22:$G$41) -> 4.8717046 | G3: =AVERAGE('Fig2a Align Raw'!$H$22:$H$41) -> 73.294 | H3: =_xlfn.STDEV.S('Fig2a Align Raw'!$H$22:$H$41) -> 21.505587 | I3: =AVERAGE('Fig2a Align Raw'!$I$22:$I$41) -> 81.2765 | J3: =_xlfn.STDEV.S('Fig2a Align Raw'!$I$22:$I$41) -> 15.67926 | K3: =MIN('Fig2a Align Raw'!$I$22:$I$41) -> 46.15 | L3: =MAX('Fig2a Align Raw'!$I$22:$I$41) -> 100
A4: 3 | B4: lexical_clip_fusion | C4: Lexical + CLIP | D4: =COUNT('Fig2a Align Raw'!$G$42:$G$61) -> 20 | E4: =AVERAGE('Fig2a Align Raw'!$G$42:$G$61) -> 75.224 | F4: =_xlfn.STDEV.S('Fig2a Align Raw'!$G$42:$G$61) -> 17.645304 | G4: =AVERAGE('Fig2a Align Raw'!$H$42:$H$61) -> 43.2505 | H4: =_xlfn.STDEV.S('Fig2a Align Raw'!$H$42:$H$61) -> 24.900335 | I4: =AVERAGE('Fig2a Align Raw'!$I$42:$I$61) -> 52.206 | J4: =_xlfn.STDEV.S('Fig2a Align Raw'!$I$42:$I$61) -> 22.073032 | K4: =MIN('Fig2a Align Raw'!$I$42:$I$61) -> 20.69 | L4: =MAX('Fig2a Align Raw'!$I$42:$I$61) -> 92.31
A5: 4 | B5: rule_only | C5: Rule-only | D5: =COUNT('Fig2a Align Raw'!$G$62:$G$81) -> 20 | E5: =AVERAGE('Fig2a Align Raw'!$G$62:$G$81) -> 67.1785 | F5: =_xlfn.STDEV.S('Fig2a Align Raw'!$G$62:$G$81) -> 19.033022 | G5: =AVERAGE('Fig2a Align Raw'!$H$62:$H$81) -> 39.255 | H5: =_xlfn.STDEV.S('Fig2a Align Raw'!$H$62:$H$81) -> 20.2001 | I5: =AVERAGE('Fig2a Align Raw'!$I$62:$I$81) -> 47.921 | J5: =_xlfn.STDEV.S('Fig2a Align Raw'!$I$62:$I$81) -> 18.9482 | K5: =MIN('Fig2a Align Raw'!$I$62:$I$81) -> 21.43 | L5: =MAX('Fig2a Align Raw'!$I$62:$I$81) -> 92.31
A6: 5 | B6: clip_hungarian | C6: CLIP + Hungarian | D6: =COUNT('Fig2a Align Raw'!$G$82:$G$101) -> 20 | E6: =AVERAGE('Fig2a Align Raw'!$G$82:$G$101) -> 72.114 | F6: =_xlfn.STDEV.S('Fig2a Align Raw'!$G$82:$G$101) -> 15.462972 | G6: =AVERAGE('Fig2a Align Raw'!$H$82:$H$101) -> 34.6995 | H6: =_xlfn.STDEV.S('Fig2a Align Raw'!$H$82:$H$101) -> 17.53606 | I6: =AVERAGE('Fig2a Align Raw'!$I$82:$I$101) -> 44.317 | J6: =_xlfn.STDEV.S('Fig2a Align Raw'!$I$82:$I$101) -> 17.208358 | K6: =MIN('Fig2a Align Raw'!$I$82:$I$101) -> 19.57 | L6: =MAX('Fig2a Align Raw'!$I$82:$I$101) -> 80.65
A7: 6 | B7: clip_mutual_knn | C7: CLIP mutual-kNN | D7: =COUNT('Fig2a Align Raw'!$G$102:$G$121) -> 20 | E7: =AVERAGE('Fig2a Align Raw'!$G$102:$G$121) -> 71.2015 | F7: =_xlfn.STDEV.S('Fig2a Align Raw'!$G$102:$G$121) -> 28.431163 | G7: =AVERAGE('Fig2a Align Raw'!$H$102:$H$121) -> 23.762 | H7: =_xlfn.STDEV.S('Fig2a Align Raw'!$H$102:$H$121) -> 17.256892 | I7: =AVERAGE('Fig2a Align Raw'!$I$102:$I$121) -> 33.5825 | J7: =_xlfn.STDEV.S('Fig2a Align Raw'!$I$102:$I$121) -> 19.820535 | K7: =MIN('Fig2a Align Raw'!$I$102:$I$121) -> 0 | L7: =MAX('Fig2a Align Raw'!$I$102:$I$121) -> 75.86

Sheet Fig2a Align Raw
A1: method_order | B1: method_key | C1: figure_method | D1: source_display_name | E1: output_id | F1: output_label | G1: precision_pct | H1: recall_pct | I1: f1_source_pct | J1: f1_recalc_pct | K1: f1_delta_pct | L1: rank_by_output_f1 | M1: gt_entities_total | N1: gt_pair_eligible_entities | O1: predicted_pairs | P1: anchor_scoped_predicted_pairs | Q1: correct_pairs | R1: false_pairs_total | S1: false_pairs_wrong_text | T1: false_pairs_non_eligible | U1: missed_eligible_pairs | V1: anchor_scoped_precision_pct | W1: anchor_scoped_f1_pct | X1: strict_precision_pct | Y1: strict_f1_pct | Z1: prediction_source | AA1: run_status | AB1: metric_profile | AC1: evaluation_json_relpath
A2: 1 | B2: main_full_output | C2: CKL-Align | D2: Main hybrid | E2: 1 | F2: Output 1 | G2: 100 | H2: 97.62 | I2: 98.8 | J2: =IF(OR(G2="",H2="",G2+H2=0),"",2*G2*H2/(G2+H2)) -> 98.795668 | K2: =IF(OR(I2="",J2=""),"",J2-I2) -> -0.0043315454 | L2: 1 | M2: 57 | N2: 42 | O2: 65 | P2: 41 | Q2: 41 | R2: 24 | S2: 0 | T2: 24 | U2: 1 | V2: 100 | W2: 98.8 | X2: 63.08 | Y2: 76.64 | Z2: merged_graph_visual_evidence | AA2: success | AB2: alignment-quality | AC2: CATDA/output_extract/output_1/graph/pair_alignment_quality_eval/pair_alignment_quality_evaluation.json
A3: 1 | B3: main_full_output | C3: CKL-Align | D3: Main hybrid | E3: 2 | F3: Output 2 | G3: 100 | H3: 90 | I3: 94.74 | J3: =IF(OR(G3="",H3="",G3+H3=0),"",2*G3*H3/(G3+H3)) -> 94.736842 | K3: =IF(OR(I3="",J3=""),"",J3-I3) -> -0.0031578947 | L3: 1 | M3: 113 | N3: 50 | O3: 64 | P3: 45 | Q3: 45 | R3: 19 | S3: 0 | T3: 19 | U3: 5 | V3: 100 | W3: 94.74 | X3: 70.31 | Y3: 78.95 | Z3: merged_graph_visual_evidence | AA3: success | AB3: alignment-quality | AC3: CATDA/output_extract/output_2/graph/pair_alignment_quality_eval/pair_alignment_quality_evaluation.json
A4: 1 | B4: main_full_output | C4: CKL-Align | D4: Main hybrid | E4: 3 | F4: Output 3 | G4: 100 | H4: 71.43 | I4: 83.33 | J4: =IF(OR(G4="",H4="",G4+H4=0),"",2*G4*H4/(G4+H4)) -> 83.334306 | K4: =IF(OR(I4="",J4=""),"",J4-I4) -> 0.0043055475 | L4: 1 | M4: 67 | N4: 42 | O4: 55 | P4: 30 | Q4: 30 | R4: 25 | S4: 0 | T4: 25 | U4: 12 | V4: 100 | W4: 83.33 | X4: 54.55 | Y4: 61.86 | Z4: merged_graph_visual_evidence | AA4: success | AB4: alignment-quality | AC4: CATDA/output_extract/output_3/graph/pair_alignment_quality_eval/pair_alignment_quality_evaluation.json
A5: 1 | B5: main_full_output | C5: CKL-Align | D5: Main hybrid | E5: 4 | F5: Output 4 | G5: 100 | H5: 66.67 | I5: 80 | J5: =IF(OR(G5="",H5="",G5+H5=0),"",2*G5*H5/(G5+H5)) -> 80.0024 | K5: =IF(OR(I5="",J5=""),"",J5-I5) -> 0.002399952 | L5: 2 | M5: 19 | N5: 9 | O5: 108 | P5: 6 | Q5: 6 | R5: 102 | S5: 0 | T5: 102 | U5: 3 | V5: 100 | W5: 80 | X5: 5.56 | Y5: 10.26 | Z5: merged_graph_visual_evidence | AA5: success | AB5: alignment-quality | AC5: CATDA/output_extract/output_4/graph/pair_alignment_quality_eval/pair_alignment_quality_evaluation.json
A6: 1 | B6: main_full_output | C6: CKL-Align | D6: Main hybrid | E6: 5 | F6: Output 5 | G6: 100 | H6: 90.91 | I6: 95.24 | J6: =IF(OR(G6="",H6="",G6+H6=0),"",2*G6*H6/(G6+H6)) -> 95.238594 | K6: =IF(OR(I6="",J6=""),"",J6-I6) -> -0.0014058981 | L6: 1 | M6: 66 | N6: 22 | O6: 35 | P6: 20 | Q6: 20 | R6: 15 | S6: 0 | T6: 15 | U6: 2 | V6: 100 | W6: 95.24 | X6: 57.14 | Y6: 70.18 | Z6: merged_graph_visual_evidence | AA6: success | AB6: alignment-quality | AC6: CATDA/output_extract/output_5/graph/pair_alignment_quality_eval/pair_alignment_quality_evaluation.json
A7: 1 | B7: main_full_output | C7: CKL-Align | D7: Main hybrid | E7: 6 | F7: Output 6 | G7: 100 | H7: 91.07 | I7: 95.33 | J7: =IF(OR(G7="",H7="",G7+H7=0),"",2*G7*H7/(G7+H7)) -> 95.32632 | K7: =IF(OR(I7="",J7=""),"",J7-I7) -> -0.0036798032 | L7: 1 | M7: 128 | N7: 56 | O7: 64 | P7: 51 | Q7: 51 | R7: 13 | S7: 0 | T7: 13 | U7: 5 | V7: 100 | W7: 95.33 | X7: 79.69 | Y7: 85 | Z7: merged_graph_visual_evidence | AA7: success | AB7: alignment-quality | AC7: CATDA/output_extract/output_6/graph/pair_alignment_quality_eval/pair_alignment_quality_evaluation.json
A8: 1 | B8: main_full_output | C8: CKL-Align | D8: Main hybrid | E8: 9 | F8: Output 9 | G8: 100 | H8: 84.85 | I8: 91.8 | J8: =IF(OR(G8="",H8="",G8+H8=0),"",2*G8*H8/(G8+H8)) -> 91.804166 | K8: =IF(OR(I8="",J8=""),"",J8-I8) -> 0.0041655396 | L8: 1 | M8: 155 | N8: 66 | O8: 62 | P8: 56 | Q8: 56 | R8: 6 | S8: 0 | T8: 6 | U8: 10 | V8: 100 | W8: 91.8 | X8: 90.32 | Y8: 87.5 | Z8: merged_graph_visual_evidence | AA8: success | AB8: alignment-quality | AC8: CATDA/output_extract/output_9/graph/pair_alignment_quality_eval/pair_alignment_quality_evaluation.json
A9: 1 | B9: main_full_output | C9: CKL-Align | D9: Main hybrid | E9: 11 | F9: Output 11 | G9: 100 | H9: 66.67 | I9: 80 | J9: =IF(OR(G9="",H9="",G9+H9=0),"",2*G9*H9/(G9+H9)) -> 80.0024 | K9: =IF(OR(I9="",J9=""),"",J9-I9) -> 0.002399952 | L9: 1 | M9: 60 | N9: 15 | O9: 34 | P9: 10 | Q9: 10 | R9: 24 | S9: 0 | T9: 24 | U9: 5 | V9: 100 | W9: 80 | X9: 29.41 | Y9: 40.82 | Z9: merged_graph_visual_evidence | AA9: success | AB9: alignment-quality | AC9: CATDA/output_extract/output_11/graph/pair_alignment_quality_eval/pair_alignment_quality_evaluation.json
A10: 1 | B10: main_full_output | C10: CKL-Align | D10: Main hybrid | E10: 20 | F10: Output 20 | G10: 100 | H10: 89.39 | I10: 94.4 | J10: =IF(OR(G10="",H10="",G10+H10=0),"",2*G10*H10/(G10+H10)) -> 94.397803 | K10: =IF(OR(I10="",J10=""),"",J10-I10) -> -0.0021965257 | L10: 1 | M10: 133 | N10: 66 | O10: 69 | P10: 59 | Q10: 59 | R10: 10 | S10: 0 | T10: 10 | U10: 7 | V10: 100 | W10: 94.4 | X10: 85.51 | Y10: 87.41 | Z10: merged_graph_visual_evidence | AA10: success | AB10: alignment-quality | AC10: CATDA/output_extract/output_20/graph/pair_alignment_quality_eval/pair_alignment_quality_evaluation.json
A11: 1 | B11: main_full_output | C11: CKL-Align | D11: Main hybrid | E11: 22 | F11: Output 22 | G11: 100 | H11: 91.67 | I11: 95.65 | J11: =IF(OR(G11="",H11="",G11+H11=0),"",2*G11*H11/(G11+H11)) -> 95.653989 | K11: =IF(OR(I11="",J11=""),"",J11-I11) -> 0.0039886263 | L11: 1 | M11: 53 | N11: 24 | O11: 35 | P11: 22 | Q11: 22 | R11: 13 | S11: 0 | T11: 13 | U11: 2 | V11: 100 | W11: 95.65 | X11: 62.86 | Y11: 74.58 | Z11: merged_graph_visual_evidence | AA11: success | AB11: alignment-quality | AC11: CATDA/output_extract/output_22/graph/pair_alignment_quality_eval/pair_alignment_quality_evaluation.json
A12: 1 | B12: main_full_output | C12: CKL-Align | D12: Main hybrid | E12: 26 | F12: Output 26 | G12: 100 | H12: 77.78 | I12: 87.5 | J12: =IF(OR(G12="",H12="",G12+H12=0),"",2*G12*H12/(G12+H12)) -> 87.501406 | K12: =IF(OR(I12="",J12=""),"",J12-I12) -> 0.0014062324 | L12: 1 | M12: 136 | N12: 72 | O12: 82 | P12: 56 | Q12: 56 | R12: 26 | S12: 0 | T12: 26 | U12: 16 | V12: 100 | W12: 87.5 | X12: 68.29 | Y12: 72.73 | Z12: merged_graph_visual_evidence | AA12: success | AB12: alignment-quality | AC12: CATDA/output_extract/output_26/graph/pair_alignment_quality_eval/pair_alignment_quality_evaluation.json
A13: 1 | B13: main_full_output | C13: CKL-Align | D13: Main hybrid | E13: 44 | F13: Output 44 | G13: 98.72 | H13: 92.77 | I13: 95.65 | J13: =IF(OR(G13="",H13="",G13+H13=0),"",2*G13*H13/(G13+H13)) -> 95.65256 | K13: =IF(OR(I13="",J13=""),"",J13-I13) -> 0.002560447 | L13: 1 | M13: 137 | N13: 83 | O13: 93 | P13: 78 | Q13: 77 | R13: 16 | S13: 1 | T13: 15 | U13: 6 | V13: 98.72 | W13: 95.65 | X13: 82.8 | Y13: 87.5 | Z13: merged_graph_visual_evidence | AA13: success | AB13: alignment-quality | AC13: CATDA/output_extract/output_44/graph/pair_alignment_quality_eval/pair_alignment_quality_evaluation.json
... A121: 6 | B121: clip_mutual_knn | C121: CLIP mutual-kNN | D121: CLIP mutual-kNN | E121: 1491 | F121: Output 1491 | G121: 75 | H121: 50 | I121: 60 | J121: =IF(OR(G121="",H121="",G121+H121=0),"",2*G121*H121/(G121+H121)) -> 60 | K121: =IF(OR(I121="",J121=""),"",J121-I121) -> 0 | L121: 5 | M121: 19 | N121: 12 | O121: 18 | P121: 8 | Q121: 6 | R121: 12 | S121: 2 | T121: 10 | U121: 6 | V121: 75 | W121: 60 | X121: 33.33 | Y121: 40 | Z121: alignment_pairs_csv | AA121: success | AB121: alignment-quality | AC121: CATDA/output_extract/output_1491/graph/clip_mutual_knn/pair_alignment_quality_eval/pair_alignment_quality_evaluation.json

Sheet Fig2b Heatmap
A1: model_short | B1: Image-P | C1: Image-R | D1: Image-F1 | E1: Text-P | F1: Text-R | G1: Text-F1 | H1: KG | I1: Overall
A2: Gemini-3-Flash | B2: ='Fig2c-e Model Summary'!E2/100 -> 0.98068 | C2: ='Fig2c-e Model Summary'!F2/100 -> 0.87517 | D2: ='Fig2c-e Model Summary'!G2/100 -> 0.92197 | E2: ='Fig2c-e Model Summary'!H2/100 -> 0.85817 | F2: ='Fig2c-e Model Summary'!I2/100 -> 0.93725 | G2: ='Fig2c-e Model Summary'!J2/100 -> 0.89597 | H2: ='Fig2c-e Model Summary'!K2/100 -> 0.92177815 | I2: ='Fig2c-e Model Summary'!L2/100 -> 0.91323938
A3: Gemini-2.5-Flash-NT | B3: ='Fig2c-e Model Summary'!E3/100 -> 0.973135 | C3: ='Fig2c-e Model Summary'!F3/100 -> 0.82725 | D3: ='Fig2c-e Model Summary'!G3/100 -> 0.89309 | E3: ='Fig2c-e Model Summary'!H3/100 -> 0.79696 | F3: ='Fig2c-e Model Summary'!I3/100 -> 0.82353 | G3: ='Fig2c-e Model Summary'!J3/100 -> 0.81003 | H3: ='Fig2c-e Model Summary'!K3/100 -> 0.918437 | I3: ='Fig2c-e Model Summary'!L3/100 -> 0.87385233
A4: Gemini-3-Flash-NT | B4: ='Fig2c-e Model Summary'!E4/100 -> 0.994425 | C4: ='Fig2c-e Model Summary'!F4/100 -> 0.84449 | D4: ='Fig2c-e Model Summary'!G4/100 -> 0.911895 | E4: ='Fig2c-e Model Summary'!H4/100 -> 0.87243 | F4: ='Fig2c-e Model Summary'!I4/100 -> 0.83137 | G4: ='Fig2c-e Model Summary'!J4/100 -> 0.85141 | H4: ='Fig2c-e Model Summary'!K4/100 -> 0.84326268 | I4: ='Fig2c-e Model Summary'!L4/100 -> 0.86885589
A5: Grok-4.1-fast | B5: ='Fig2c-e Model Summary'!E5/100 -> 0.993225 | C5: ='Fig2c-e Model Summary'!F5/100 -> 0.731835 | D5: ='Fig2c-e Model Summary'!G5/100 -> 0.84011 | E5: ='Fig2c-e Model Summary'!H5/100 -> 0.87591 | F5: ='Fig2c-e Model Summary'!I5/100 -> 0.70588 | G5: ='Fig2c-e Model Summary'!J5/100 -> 0.78176 | H5: ='Fig2c-e Model Summary'!K5/100 -> 0.92469547 | I5: ='Fig2c-e Model Summary'!L5/100 -> 0.84885516
A6: Grok-4.20-beta | B6: ='Fig2c-e Model Summary'!E6/100 -> 0.97822 | C6: ='Fig2c-e Model Summary'!F6/100 -> 0.75831 | D6: ='Fig2c-e Model Summary'!G6/100 -> 0.85016 | E6: ='Fig2c-e Model Summary'!H6/100 -> 0.89773 | F6: ='Fig2c-e Model Summary'!I6/100 -> 0.61961 | G6: ='Fig2c-e Model Summary'!J6/100 -> 0.73318 | H6: ='Fig2c-e Model Summary'!K6/100 -> 0.92820155 | I6: ='Fig2c-e Model Summary'!L6/100 -> 0.83718052
A7: Gemini-2.5-Flash | B7: ='Fig2c-e Model Summary'!E7/100 -> 0.931035 | C7: ='Fig2c-e Model Summary'!F7/100 -> 0.78453 | D7: ='Fig2c-e Model Summary'!G7/100 -> 0.843655 | E7: ='Fig2c-e Model Summary'!H7/100 -> 0.86111 | F7: ='Fig2c-e Model Summary'!I7/100 -> 0.66863 | G7: ='Fig2c-e Model Summary'!J7/100 -> 0.75276 | H7: ='Fig2c-e Model Summary'!K7/100 -> 0.85084794 | I7: ='Fig2c-e Model Summary'!L7/100 -> 0.81575431
A8: Claude-Haiku-4.5 | B8: ='Fig2c-e Model Summary'!E8/100 -> 0.988005 | C8: ='Fig2c-e Model Summary'!F8/100 -> 0.742295 | D8: ='Fig2c-e Model Summary'!G8/100 -> 0.84285 | E8: ='Fig2c-e Model Summary'!H8/100 -> 0.77314 | F8: ='Fig2c-e Model Summary'!I8/100 -> 0.83529 | G8: ='Fig2c-e Model Summary'!J8/100 -> 0.80302 | H8: ='Fig2c-e Model Summary'!K8/100 -> 0.80085565 | I8: ='Fig2c-e Model Summary'!L8/100 -> 0.81557522
A9: GPT-5.4-mini | B9: ='Fig2c-e Model Summary'!E9/100 -> 0.987075 | C9: ='Fig2c-e Model Summary'!F9/100 -> 0.767365 | D9: ='Fig2c-e Model Summary'!G9/100 -> 0.861615 | E9: ='Fig2c-e Model Summary'!H9/100 -> 0.80645 | F9: ='Fig2c-e Model Summary'!I9/100 -> 0.63725 | G9: ='Fig2c-e Model Summary'!J9/100 -> 0.71194 | H9: ='Fig2c-e Model Summary'!K9/100 -> 0.74944258 | I9: ='Fig2c-e Model Summary'!L9/100 -> 0.77433253
A10: GPT-5.4-nano | B10: ='Fig2c-e Model Summary'!E10/100 -> 0.99844 | C10: ='Fig2c-e Model Summary'!F10/100 -> 0.652715 | D10: ='Fig2c-e Model Summary'!G10/100 -> 0.780965 | E10: ='Fig2c-e Model Summary'!H10/100 -> 0.69556 | F10: ='Fig2c-e Model Summary'!I10/100 -> 0.61373 | G10: ='Fig2c-e Model Summary'!J10/100 -> 0.65208 | H10: ='Fig2c-e Model Summary'!K10/100 -> 0.83823567 | I10: ='Fig2c-e Model Summary'!L10/100 -> 0.75709356

Sheet Fig2c-e Model Summary
A1: figure_order | B1: model_short | C1: model_id | D1: n_outputs | E1: image_precision_pct | F1: image_recall_pct | G1: image_f1_pct | H1: text_precision_pct | I1: text_recall_pct | J1: text_f1_pct | K1: kg_score_pct | L1: overall_heatmap_pct | M1: mean_time_sec | N1: mean_cost_usd | O1: mean_overall_distribution_pct | P1: heatmap_minus_distribution_mean_pct
A2: 1 | B2: Gemini-3-Flash | C2: gemini-3-flash-preview | D2: =COUNT('Fig2c-e Model Raw'!$D$2:$D$21) -> 20 | E2: 98.068 | F2: 87.517 | G2: 92.197 | H2: 85.817 | I2: 93.725 | J2: 89.597 | K2: 92.177815 | L2: =AVERAGE(G2,J2,K2) -> 91.323938 | M2: =AVERAGE('Fig2c-e Model Raw'!$O$2:$O$21) -> 733.94585 | N2: =AVERAGE('Fig2c-e Model Raw'!$P$2:$P$21) -> 0.40712285 | O2: =AVERAGE('Fig2c-e Model Raw'!$Z$2:$Z$21) -> 91.199188 | P2: =L2-O2 -> 0.12475003
A3: 2 | B3: Gemini-2.5-Flash-NT | C3: gemini-2.5-flash-nothinking | D3: =COUNT('Fig2c-e Model Raw'!$D$22:$D$41) -> 20 | E3: 97.3135 | F3: 82.725 | G3: 89.309 | H3: 79.696 | I3: 82.353 | J3: 81.003 | K3: 91.8437 | L3: =AVERAGE(G3,J3,K3) -> 87.385233 | M3: =AVERAGE('Fig2c-e Model Raw'!$O$22:$O$41) -> 482.31445 | N3: =AVERAGE('Fig2c-e Model Raw'!$P$22:$P$41) -> 0.21802189 | O3: =AVERAGE('Fig2c-e Model Raw'!$Z$22:$Z$41) -> 87.388267 | P3: =L3-O3 -> -0.00303335
A4: 3 | B4: Gemini-3-Flash-NT | C4: gemini-3-flash-preview-nothinking | D4: =COUNT('Fig2c-e Model Raw'!$D$42:$D$61) -> 20 | E4: 99.4425 | F4: 84.449 | G4: 91.1895 | H4: 87.243 | I4: 83.137 | J4: 85.141 | K4: 84.326268 | L4: =AVERAGE(G4,J4,K4) -> 86.885589 | M4: =AVERAGE('Fig2c-e Model Raw'!$O$42:$O$61) -> 349.61825 | N4: =AVERAGE('Fig2c-e Model Raw'!$P$42:$P$61) -> 0.24505435 | O4: =AVERAGE('Fig2c-e Model Raw'!$Z$42:$Z$61) -> 87.130389 | P4: =L4-O4 -> -0.24479998
A5: 4 | B5: Grok-4.1-fast | C5: grok-4-1-fast-non-reasoning-latest | D5: =COUNT('Fig2c-e Model Raw'!$D$62:$D$81) -> 20 | E5: 99.3225 | F5: 73.1835 | G5: 84.011 | H5: 87.591 | I5: 70.588 | J5: 78.176 | K5: 92.469547 | L5: =AVERAGE(G5,J5,K5) -> 84.885516 | M5: =AVERAGE('Fig2c-e Model Raw'!$O$62:$O$81) -> 257.87005 | N5: =AVERAGE('Fig2c-e Model Raw'!$P$62:$P$81) -> 0.046297365 | O5: =AVERAGE('Fig2c-e Model Raw'!$Z$62:$Z$81) -> 84.876649 | P5: =L5-O5 -> 0.0088665667
A6: 5 | B6: Grok-4.20-beta | C6: grok-4.20-beta-0309-non-reasoning | D6: =COUNT('Fig2c-e Model Raw'!$D$82:$D$101) -> 20 | E6: 97.822 | F6: 75.831 | G6: 85.016 | H6: 89.773 | I6: 61.961 | J6: 73.318 | K6: 92.820155 | L6: =AVERAGE(G6,J6,K6) -> 83.718052 | M6: =AVERAGE('Fig2c-e Model Raw'!$O$82:$O$101) -> 172.25895 | N6: =AVERAGE('Fig2c-e Model Raw'!$P$82:$P$101) -> 0.5316619 | O6: =AVERAGE('Fig2c-e Model Raw'!$Z$82:$Z$101) -> 84.565035 | P6: =L6-O6 -> -0.84698322
A7: 6 | B7: Gemini-2.5-Flash | C7: gemini-2.5-flash | D7: =COUNT('Fig2c-e Model Raw'!$D$102:$D$121) -> 20 | E7: 93.1035 | F7: 78.453 | G7: 84.3655 | H7: 86.111 | I7: 66.863 | J7: 75.276 | K7: 85.084794 | L7: =AVERAGE(G7,J7,K7) -> 81.575431 | M7: =AVERAGE('Fig2c-e Model Raw'!$O$102:$O$121) -> 588.5736 | N7: =AVERAGE('Fig2c-e Model Raw'!$P$102:$P$121) -> 0.51076788 | O7: =AVERAGE('Fig2c-e Model Raw'!$Z$102:$Z$121) -> 80.278031 | P7: =L7-O7 -> 1.2974001
A8: 7 | B8: Claude-Haiku-4.5 | C8: claude-haiku-4-5-20251001 | D8: =COUNT('Fig2c-e Model Raw'!$D$122:$D$141) -> 20 | E8: 98.8005 | F8: 74.2295 | G8: 84.285 | H8: 77.314 | I8: 83.529 | J8: 80.302 | K8: 80.085565 | L8: =AVERAGE(G8,J8,K8) -> 81.557522 | M8: =AVERAGE('Fig2c-e Model Raw'!$O$122:$O$141) -> 401.43805 | N8: =AVERAGE('Fig2c-e Model Raw'!$P$122:$P$141) -> 0.38294376 | O8: =AVERAGE('Fig2c-e Model Raw'!$Z$122:$Z$141) -> 81.790022 | P8: =L8-O8 -> -0.23249998
A9: 8 | B9: GPT-5.4-mini | C9: gpt-5.4-mini | D9: =COUNT('Fig2c-e Model Raw'!$D$142:$D$161) -> 20 | E9: 98.7075 | F9: 76.7365 | G9: 86.1615 | H9: 80.645 | I9: 63.725 | J9: 71.194 | K9: 74.944258 | L9: =AVERAGE(G9,J9,K9) -> 77.433253 | M9: =AVERAGE('Fig2c-e Model Raw'!$O$142:$O$161) -> 216.5504 | N9: =AVERAGE('Fig2c-e Model Raw'!$P$142:$P$161) -> 0.28864684 | O9: =AVERAGE('Fig2c-e Model Raw'!$Z$142:$Z$161) -> 77.543553 | P9: =L9-O9 -> -0.11030015
A10: 9 | B10: GPT-5.4-nano | C10: gpt-5.4-nano-2026-03-17 | D10: =COUNT('Fig2c-e Model Raw'!$D$162:$D$181) -> 20 | E10: 99.844 | F10: 65.2715 | G10: 78.0965 | H10: 69.556 | I10: 61.373 | J10: 65.208 | K10: 83.823567 | L10: =AVERAGE(G10,J10,K10) -> 75.709356 | M10: =AVERAGE('Fig2c-e Model Raw'!$O$162:$O$181) -> 312.2366 | N10: =AVERAGE('Fig2c-e Model Raw'!$P$162:$P$181) -> 0.082217363 | O10: =AVERAGE('Fig2c-e Model Raw'!$Z$162:$Z$181) -> 75.772556 | P10: =L10-O10 -> -0.063200033

Sheet Fig2c-e Model Raw
A1: model_order | B1: model_short | C1: model_id | D1: output_id | E1: image_precision_pct | F1: image_recall_pct | G1: image_f1_pct | H1: text_precision_pct | I1: text_recall_pct | J1: text_f1_pct | K1: kg_score_pct | L1: kg_schema_0_1 | M1: kg_section_connectivity_0_1 | N1: kg_duplicate_clean_0_1 | O1: time_sec | P1: cost_usd | Q1: prompt_tokens | R1: completion_tokens | S1: total_tokens | T1: parallel_runtime_sec | U1: serial_runtime_sec | V1: text_extraction_time_sec | W1: image_extraction_time_sec | X1: alignment_time_sec | Y1: overall_source_pct | Z1: overall_recalc_pct | AA1: overall_delta_pct | AB1: metadata_relpath
A2: 1 | B2: Gemini-3-Flash | C2: gemini-3-flash-preview | D2: 1 | E2: 100 | F2: 92.59 | G2: 96.15 | H2: 80 | I2: 100 | J2: 88.889 | K2: 88.738028 | L2: 0.887771 | M2: 0.823272 | N2: 0.96124 | O2: 627.406 | P2: 0.51869488 | Q2: 178544 | R2: 166718 | S2: 345262 | T2: 627.406 | U2: 803.132 | V2: 175.7 | W2: 574.653 | X2: 52.753 | Y2: 91.259009 | Z2: =AVERAGE(G2,J2,K2) -> 91.259009 | AA2: =Z2-Y2 -> 0 | AB2: gemini-3-flash-preview/output_1/metadata/full_result.json
A3: 1 | B3: Gemini-3-Flash | C3: gemini-3-flash-preview | D3: 2 | E3: 100 | F3: 85.37 | G3: 92.11 | H3: 83.333 | I3: 95.238 | J3: 88.889 | K3: 95.201263 | L3: 0.969167 | M3: 0.905387 | N3: 0.913876 | O3: 965.652 | P3: 0.36417568 | Q3: 157022 | R3: 111775 | S3: 268797 | T3: 965.652 | U3: 1385.029 | V3: 421.586 | W3: 419.34 | X3: 544.066 | Y3: 92.066754 | Z3: =AVERAGE(G3,J3,K3) -> 92.066754 | AA3: =Z3-Y3 -> 0 | AB3: gemini-3-flash-preview/output_2/metadata/full_result.json
A4: 1 | B4: Gemini-3-Flash | C4: gemini-3-flash-preview | D4: 3 | E4: 100 | F4: 85.37 | G4: 92.11 | H4: 96.429 | I4: 96.429 | J4: 96.429 | K4: 96.763363 | L4: 0.956346 | M4: 0.914389 | N4: 0.989011 | O4: 1637.48 | P4: 0.4807946 | Q4: 218641 | R4: 145679 | S4: 364320 | T4: 1637.48 | U4: 1981.738 | V4: 344.192 | W4: 630.61 | X4: 1006.87 | Y4: 95.100788 | Z4: =AVERAGE(G4,J4,K4) -> 95.100788 | AA4: =Z4-Y4 -> 0 | AB4: gemini-3-flash-preview/output_3/metadata/full_result.json
A5: 1 | B5: Gemini-3-Flash | C5: gemini-3-flash-preview | D5: 4 | E5: 100 | F5: 74 | G5: 85.06 | H5: 96.667 | I5: 87.879 | J5: 92.063 | K5: 93.267768 | L5: 0.931147 | M5: 0.789848 | N5: 0.98722 | O5: 712.654 | P5: 0.48231172 | Q5: 279209 | R5: 136159 | S5: 415368 | T5: 712.654 | U5: 853.602 | V5: 140.882 | W5: 565.94 | X5: 146.714 | Y5: 90.130256 | Z5: =AVERAGE(G5,J5,K5) -> 90.130256 | AA5: =Z5-Y5 -> 0 | AB5: gemini-3-flash-preview/output_4/metadata/full_result.json
A6: 1 | B6: Gemini-3-Flash | C6: gemini-3-flash-preview | D6: 5 | E6: 100 | F6: 76.19 | G6: 86.49 | H6: 96.552 | I6: 75.676 | J6: 84.848 | K6: 88.745828 | L6: 0.92585 | M6: 0.672977 | N6: 1 | O6: 352.126 | P6: 0.33237292 | Q6: 166511 | R6: 98147 | S6: 264658 | T6: 352.126 | U6: 612.753 | V6: 260.594 | W6: 295.693 | X6: 56.433 | Y6: 86.694609 | Z6: =AVERAGE(G6,J6,K6) -> 86.694609 | AA6: =Z6-Y6 -> 0 | AB6: gemini-3-flash-preview/output_5/metadata/full_result.json
A7: 1 | B7: Gemini-3-Flash | C7: gemini-3-flash-preview | D7: 6 | E7: 100 | F7: 74.6 | G7: 85.45 | H7: 88.889 | I7: 100 | J7: 94.118 | K7: 94.185458 | L7: 0.945833 | M7: 0.821893 | N7: 0.992157 | O7: 476.509 | P7: 0.36107456 | Q7: 172852 | R7: 107962 | S7: 280814 | T7: 476.509 | U7: 672.9 | V7: 196.351 | W7: 430.389 | X7: 46.12 | Y7: 91.251153 | Z7: =AVERAGE(G7,J7,K7) -> 91.251153 | AA7: =Z7-Y7 -> 0 | AB7: gemini-3-flash-preview/output_6/metadata/full_result.json
A8: 1 | B8: Gemini-3-Flash | C8: gemini-3-flash-preview | D8: 8 | E8: 97.26 | F8: 80.22 | G8: 87.92 | H8: 65.385 | I8: 94.444 | J8: 77.273 | K8: 95.572103 | L8: 0.9225 | M8: 0.90444 | N8: 0.990476 | O8: 538.737 | P8: 0.40420512 | Q8: 163206 | R8: 125907 | S8: 289113 | T8: 538.737 | U8: 752.209 | V8: 213.425 | W8: 433.144 | X8: 105.593 | Y8: 86.921701 | Z8: =AVERAGE(G8,J8,K8) -> 86.921701 | AA8: =Z8-Y8 -> 0 | AB8: gemini-3-flash-preview/output_8/metadata/full_result.json
A9: 1 | B9: Gemini-3-Flash | C9: gemini-3-flash-preview | D9: 9 | E9: 100 | F9: 94.12 | G9: 96.97 | H9: 93.103 | I9: 90 | J9: 91.525 | K9: 81.879824 | L9: 0.921654 | M9: 0.615072 | N9: 0.957597 | O9: 637.652 | P9: 0.48657004 | Q9: 252461 | R9: 142230 | S9: 394691 | T9: 637.652 | U9: 886.587 | V9: 248.901 | W9: 579.297 | X9: 58.355 | Y9: 90.124941 | Z9: =AVERAGE(G9,J9,K9) -> 90.124941 | AA9: =Z9-Y9 -> 0 | AB9: gemini-3-flash-preview/output_9/metadata/full_result.json
A10: 1 | B10: Gemini-3-Flash | C10: gemini-3-flash-preview | D10: 10 | E10: 84.62 | F10: 100 | G10: 91.67 | H10: 87.5 | I10: 100 | J10: 93.333 | K10: 84.503238 | L10: 0.940181 | M10: 0.667393 | N10: 0.995781 | O10: 577.478 | P10: 0.47227884 | Q10: 254637 | R10: 136454 | S10: 391091 | T10: 577.478 | U10: 854.073 | V10: 276.565 | W10: 524.336 | X10: 53.142 | Y10: 89.835413 | Z10: =AVERAGE(G10,J10,K10) -> 89.835413 | AA10: =Z10-Y10 -> 0 | AB10: gemini-3-flash-preview/output_10/metadata/full_result.json
A11: 1 | B11: Gemini-3-Flash | C11: gemini-3-flash-preview | D11: 12 | E11: 96.47 | F11: 95.7 | G11: 96.08 | H11: 91.429 | I11: 94.118 | J11: 92.754 | K11: 92.754415 | L11: 0.921612 | M11: 0.89928 | N11: 0.951087 | O11: 304.81 | P11: 0.34259676 | Q11: 198549 | R11: 96680 | S11: 295229 | T11: 304.81 | U11: 527.765 | V11: 222.938 | W11: 255.453 | X11: 49.357 | Y11: 93.862805 | Z11: =AVERAGE(G11,J11,K11) -> 93.862805 | AA11: =Z11-Y11 -> 0 | AB11: gemini-3-flash-preview/output_12/metadata/full_result.json
A12: 1 | B12: Gemini-3-Flash | C12: gemini-3-flash-preview | D12: 20 | E12: 100 | F12: 85.48 | G12: 92.17 | H12: 85.714 | I12: 96.774 | J12: 90.909 | K12: 92.078184 | L12: 0.913559 | M12: 0.885571 | N12: 0.965732 | O12: 1440.198 | P12: 0.45182236 | Q12: 164645 | R12: 143704 | S12: 308349 | T12: 1440.198 | U12: 1669.564 | V12: 229.339 | W12: 521.091 | X12: 919.107 | Y12: 91.719061 | Z12: =AVERAGE(G12,J12,K12) -> 91.719061 | AA12: =Z12-Y12 -> 0 | AB12: gemini-3-flash-preview/output_20/metadata/full_result.json
A13: 1 | B13: Gemini-3-Flash | C13: gemini-3-flash-preview | D13: 22 | E13: 98.18 | F13: 91.53 | G13: 94.74 | H13: 86.667 | I13: 100 | J13: 92.857 | K13: 88.687515 | L13: 0.853243 | M13: 0.833616 | N13: 0.936306 | O13: 337.445 | P13: 0.34792824 | Q13: 164016 | R13: 104455 | S13: 268471 | T13: 337.445 | U13: 564.256 | V13: 226.788 | W13: 291.065 | X13: 46.38 | Y13: 92.094838 | Z13: =AVERAGE(G13,J13,K13) -> 92.094838 | AA13: =Z13-Y13 -> 0 | AB13: gemini-3-flash-preview/output_22/metadata/full_result.json
... A181: 9 | B181: GPT-5.4-nano | C181: gpt-5.4-nano-2026-03-17 | D181: 147 | E181: 100 | F181: 86.21 | G181: 92.59 | H181: 52.381 | I181: 64.706 | J181: 57.895 | K181: 87.144155 | L181: 0.739167 | M181: 0.778182 | N181: 0.964286 | O181: 169.134 | P181: 0.0504319 | Q181: 100347 | R181: 24290 | S181: 124637 | T181: 169.134 | U181: 266.016 | V181: 96.849 | W181: 148.086 | X181: 21.048 | Y181: 79.209718 | Z181: =AVERAGE(G181,J181,K181) -> 79.209718 | AA181: =Z181-Y181 -> 0 | AB181: gpt-5.4-nano-2026-03-17/output_147/metadata/full_result.json

Sheet Data Dictionary
A1: sheet | B1: variable | C1: type | D1: units_or_range | E1: definition | F1: derivation_or_source
A2: All sheets | B2: *_pct | C2: number | D2: 0–100 percentage points | E2: Scores are stored as percentage points, not Excel fractions. | F2: Source or stated formula
A3: Fig2a Align Raw | B3: method_key | C3: text | D3: identifier | E3: Stable method identifier in the evaluation pipeline. | F3: Source
A4: Fig2a Align Raw | B4: figure_method | C4: text | D4: label | E4: Label displayed in the figure; main_full_output is shown as CKL-Align. | F4: Mapped from method_key
A5: Fig2a Align Raw | B5: output_id | C5: integer | D5: benchmark output | E5: Identifier for one article output in the panel-a alignment benchmark set. | F5: Source
A6: Fig2a Align Raw | B6: precision_pct | C6: number | D6: 0–100 | E6: Anchor-scoped pair precision used by the alignment-quality figure. | F6: Source pair_precision_pct
A7: Fig2a Align Raw | B7: recall_pct | C7: number | D7: 0–100 | E7: Pair recall against eligible curated ground-truth links. | F7: Source pair_recall_pct
A8: Fig2a Align Raw | B8: f1_source_pct | C8: number | D8: 0–100 | E8: Pair-level F1 reported by the evaluator. | F8: Source pair_f1_pct
A9: Fig2a Align Raw | B9: f1_recalc_pct | C9: formula | D9: 0–100 | E9: Independent F1 recomputation from displayed precision and recall. | F9: 2×P×R/(P+R)
A10: Fig2a Align Raw | B10: f1_delta_pct | C10: formula | D10: percentage points | E10: Recomputed F1 minus source F1; small differences only reflect source rounding. | F10: f1_recalc_pct − f1_source_pct
A11: Fig2a Align Raw | B11: gt_entities_total | C11: integer | D11: count | E11: All ground-truth entities in the evaluated output. | F11: Source
A12: Fig2a Align Raw | B12: gt_pair_eligible_entities | C12: integer | D12: count | E12: Ground-truth entities eligible for pair-level alignment evaluation. | F12: Source
... A47: Fig2b Heatmap | B47: Image-P … Overall | C47: formula | D47: 0–1 | E47: Normalized copy of model-level aggregate metrics in the exact figure order. | F47: Model Summary metric / 100

Sheet Provenance
A1: dataset_id | B1: relative_path | C1: role | D1: row_count | E1: sha256 | F1: workbook_prepared_date
A2: alignment_raw | B2: reports/pair_alignment_alignment_quality_main_f1_90plus_retryfilled_20260504/pair_alignment_cross_output_long_table.csv | C2: Primary per-output data for panel a | D2: 120 | E2: bd547a9317c0fc95302de35572c3900de76649e81cc18a1f04d0948ef6672350 | F2: 2026-09-02
A3: alignment_summary | B3: reports/pair_alignment_alignment_quality_main_f1_90plus_retryfilled_20260504/pair_alignment_cross_output_method_summary.csv | C3: Reference summary used to reconcile panel-a means and SDs | D3: 6 | E3: 77b733f3b6f7aab182225e2cb203e70c6af841d034a2e4b125af092a374bb61c | F3: 2026-09-02
A4: model_raw | B4: reports/multimodal_quality_journal_figures_current9_20260429/multimodal_quality_per_output_for_plot.csv | C4: Primary per-output quality/time/cost data for panels c–e | D4: 180 | E4: 68d8b8201c7a52a9d9e43e28cc6b4491acdb04ffb840337a5322663e35c45ea6 | F4: 2026-09-02
A5: model_summary | B5: reports/multimodal_quality_journal_figures_current9_20260429/multimodal_quality_summary_for_plot.csv | C5: Aggregate metrics used by panel b and panel order | D5: 9 | E5: 2b2f73c1547bfb11db47bc7458340b649cb0a12a84252a29b33f06e11768ae24 | F5: 2026-09-02
A6: usage_raw | B6: reports/multimodal_quality_journal_figures_current9_20260429/multimodal_usage_time_cost_per_output.csv | C6: Prompt/completion token and metadata-path provenance | D6: 180 | E6: bf177112f01b44a64898818ef10b14c89d8ef084eb4945758b3982152986574c | F6: 2026-09-02
A7: heatmap_reference | B7: reports/multimodal_quality_journal_figures_current9_20260429/multimodal_quality_metric_heatmap_matrix.csv | C7: Reference normalized matrix used to reconcile panel b | D7: 9 | E7: c5b15e3e475b9860d659b53eb056940cc59bd03aeb6f03f6aeed2d1f9e9cb4de | F7: 2026-09-02
A8: figure_a | B8: _paper_work/final_figures/fig2_alignment_benchmark_a.tiff | C8: Rendered alignment benchmark panel used in the manuscript | E8: 7705b5e6262af1842679be639c7453e4a3f2b49bf904b778c1530fca2bb1be00 | F8: 2026-09-02
A9: figure_b | B9: reports/multimodal_quality_journal_figures_current9_20260429/fig_multimodal_quality_metric_heatmap.png | C9: Rendered heatmap reference | E9: 09b339da6ced4cbde0cf80dbaeeeb355de72c1838d059ab30ef557193b8ffd98 | F9: 2026-09-02
A10: figure_cde | B10: reports/multimodal_quality_journal_figures_current9_20260429/fig_multimodal_quality_journal_triptych.png | C10: Rendered time/cost/overall reference | E10: fc2e7ddc242a75a59362f133d839b201ae7cbebbba1537cc4df5056dbe303d3d | F10: 2026-09-02
